INSERT INTO public.game (id, description, developer, image, is_active, name, price, quantity, average_rating, release_date, sku, system_requirements, thumbnail) VALUES ('0808b42d-4802-4e40-ab3f-196c207d4f38', 'Solve mind-bending puzzles and navigate through the Aperture Science labs in this critically acclaimed game.', 'Valve', '{https://example.com/portal2-image1.jpg,https://example.com/portal2-image2.jpg}', true, 'Portal 2', 19.99, 3, 0.0, '2024-08-08 12:00:00.000000 +00:00', 'SKU-2662e58e-f41d-47c2-9dfb-c917b9bca14a', 'Windows 10, Intel Core i3, 4 GB RAM, 10 GB storage', 'https://example.com/portal2-thumbnail.jpg');
INSERT INTO public.game (id, description, developer, image, is_active, name, price, quantity, average_rating, release_date, sku, system_requirements, thumbnail) VALUES ('06b3bb4f-403c-4e78-85ff-c4e6e5879809', 'Embark on a unique adventure as a stray cat exploring a cybercity, solving puzzles, and uncovering secrets.', 'BlueTwelve Studio', '{https://example.com/stray-image1.jpg,https://example.com/stray-image2.jpg}', true, 'Stray', 29.99, 0, 0.0, '2024-08-08 12:00:00.000000 +00:00', 'SKU-995e968b-5860-4243-89ae-757d6c332ddc', 'Windows 10, Intel Core i5, 8 GB RAM, 10 GB storage', 'https://example.com/stray-thumbnail.jpg');
INSERT INTO public.game (id, description, developer, image, is_active, name, price, quantity, average_rating, release_date, sku, system_requirements, thumbnail) VALUES ('70816bfb-d509-41c5-b0b3-8ad3fe2e161c', 'Explore the dangerous and mysterious Zone around Chernobyl in this survival horror RPG.', 'GSC Game World', '{https://example.com/stalker-image1.jpg,https://example.com/stalker-image2.jpg}', true, 'S.T.A.L.K.E.R.: Shadow of Chernobyl', 14.99, 5, 0.0, '2024-08-08 12:00:00.000000 +00:00', 'SKU-99cc17e4-1d71-4434-8aa3-eaea7270dd73', 'Windows 10, Intel Core i5, 8 GB RAM, 15 GB storage', 'https://example.com/stalker-thumbnail.jpg');
INSERT INTO public.game (id, description, developer, image, is_active, name, price, quantity, average_rating, release_date, sku, system_requirements, thumbnail) VALUES ('29a7efc5-3270-4178-9b8e-3138414b870a', 'Step into the shoes of Geralt of Rivia, a monster hunter, in this open-world RPG filled with rich storytelling and intense battles.', 'CD Projekt Red', '{https://example.com/witcher3-image1.jpg,https://example.com/witcher3-image2.jpg}', true, 'The Witcher 3: Wild Hunt', 39.99, 6, 0.0, '2024-08-08 12:00:00.000000 +00:00', 'SKU-a50fe38f-9d86-454e-bd06-da7903d7eda9', 'Windows 10, Intel Core i7, 16 GB RAM, 35 GB storage', 'https://example.com/witcher3-thumbnail.jpg');
INSERT INTO public.game (id, description, developer, image, is_active, name, price, quantity, average_rating, release_date, sku, system_requirements, thumbnail) VALUES ('8d15da27-f57a-49ac-93ee-8f4ded22969e', 'Explore the vast open world of Skyrim, filled with dragons, magic, and countless adventures in this epic RPG.', 'Bethesda Game Studios', '{https://example.com/skyrim-image1.jpg,https://example.com/skyrim-image2.jpg}', true, 'The Elder Scrolls V: Skyrim', 19.99, 5, 0.0, '2024-08-08 12:00:00.000000 +00:00', 'SKU-8225488e-a7aa-4f3c-a171-64cf906000a0', 'Windows 10, Intel Core i5, 8 GB RAM, 12 GB storage', 'https://example.com/skyrim-thumbnail.jpg');
INSERT INTO public.game (id, description, developer, image, is_active, name, price, quantity, average_rating, release_date, sku, system_requirements, thumbnail) VALUES ('72cae166-f8ee-407c-9ec5-29a74f415ee9', 'Survive and thrive in a post-apocalyptic world as you explore the wasteland in this open-world RPG.', 'Bethesda Game Studios', '{https://example.com/fallout4-image1.jpg,https://example.com/fallout4-image2.jpg}', true, 'Fallout 4', 29.99, 10, 0.0, '2024-08-08 12:00:00.000000 +00:00', 'SKU-f6f25fb8-9467-43c8-b01f-692f6d065fc6', 'Windows 10, Intel Core i5, 8 GB RAM, 30 GB storage', 'https://example.com/fallout4-thumbnail.jpg');
INSERT INTO public.game (id, description, developer, image, is_active, name, price, quantity, average_rating, release_date, sku, system_requirements, thumbnail) VALUES ('2cca34e2-fe03-42de-b223-7f1d25e1e0db', 'Experience the remastered version of the classic strategy game with enhanced graphics and new content.', 'Ensemble Studios', '{https://example.com/aoe2-image1.jpg,https://example.com/aoe2-image2.jpg}', true, 'Age of Empires 2 DE', 19.99, 6, 0.0, '2024-08-08 12:00:00.000000 +00:00', 'SKU-e09b1389-39d8-4653-bc81-9695a804bd0d', 'Windows 10, Intel Core i3, 8 GB RAM, 20 GB storage', 'https://example.com/aoe2-thumbnail.jpg');
INSERT INTO public.game (id, description, developer, image, is_active, name, price, quantity, average_rating, release_date, sku, system_requirements, thumbnail) VALUES ('fbf40443-a598-49da-aec7-72ce5794fd9f', 'Journey through the Lands Between in this challenging and immersive RPG, where your skills are tested at every turn.', 'FromSoftware', '{https://example.com/eldenring-image1.jpg,https://example.com/eldenring-image2.jpg}', true, 'Elden Ring', 59.99, 8, 0.0, '2024-08-08 12:00:00.000000 +00:00', 'SKU-533992e3-eec1-43db-8a2d-39c45cdd4b39', 'Windows 10, Intel Core i7, 16 GB RAM, 40 GB storage', 'https://example.com/eldenring-thumbnail.jpg');

INSERT INTO public."user" (id, status, address, birth_date, confirm_email_token, created_at, email, password, password_changed_at, password_reset_expires, password_reset_token, phone, role, name) VALUES ('38de21f5-d36e-4907-bfdc-fba57b742679', 'ACTIVE', 'Uusimaa', null, null, '2024-08-12 15:35:50.443146 +00:00', 'newvika50@gmail.com', 'p@ssw0rd', null, null, null, '+358415780000', 'USER', 'vika');
INSERT INTO public."user" (id, status, address, birth_date, confirm_email_token, created_at, email, password, password_changed_at, password_reset_expires, password_reset_token, phone, role, name) VALUES ('ee4ab553-118a-4aea-a7f1-032c7ab7f971', 'ACTIVE', 'Helsinki', '1999-08-06', null, '2024-08-12 15:35:15.429253 +00:00', 'inna@example.com', 'p@ssw0rd', null, null, null, '+358555780000', 'USER', 'Inna');
INSERT INTO public."user" (id, status, address, birth_date, confirm_email_token, created_at, email, password, password_changed_at, password_reset_expires, password_reset_token, phone, role, name) VALUES ('e6cc00ba-6e34-429f-81fd-302481d82079', 'ACTIVE', 'Oulu', '1992-08-08', null, '2024-08-12 15:35:31.619789 +00:00', 'suvii@example.com', 'p@ssw0rd', null, null, null, '+358411111000', 'USER', 'Suvi');

INSERT INTO public."order" (id, created_at, payment_status, status, total_price, user_id) VALUES ('8e26efdd-14a5-4a29-be64-974c8268dd0c', '2024-08-12 15:35:15.437186 +00:00', 'UNPAID', 'PROCESSING', 0, 'ee4ab553-118a-4aea-a7f1-032c7ab7f971');
INSERT INTO public."order" (id, created_at, payment_status, status, total_price, user_id) VALUES ('28b20a14-9d70-4f68-9cc5-b73a6d4fedc6', '2024-08-12 15:35:31.625303 +00:00', 'UNPAID', 'PROCESSING', 0, 'e6cc00ba-6e34-429f-81fd-302481d82079');
INSERT INTO public."order" (id, created_at, payment_status, status, total_price, user_id) VALUES ('8fb30dac-8b26-4f14-ab07-42bfc5c8736a', '2024-08-12 15:35:50.449153 +00:00', 'UNPAID', 'PROCESSING', 0, '38de21f5-d36e-4907-bfdc-fba57b742679');

INSERT INTO public.favourite (game_id, user_id) VALUES ('fbf40443-a598-49da-aec7-72ce5794fd9f', '38de21f5-d36e-4907-bfdc-fba57b742679');
INSERT INTO public.favourite (game_id, user_id) VALUES ('72cae166-f8ee-407c-9ec5-29a74f415ee9', '38de21f5-d36e-4907-bfdc-fba57b742679');


INSERT INTO public.key (id, created_at, value, game_id) VALUES ('24c1d894-a688-4028-960f-bd11bf0e106f', '2024-08-12 15:32:10.682000 +00:00', 'f4b9fcc5-eb0e-4372-9614-150846b69acf', 'fbf40443-a598-49da-aec7-72ce5794fd9f');
INSERT INTO public.key (id, created_at, value, game_id) VALUES ('8f3242c4-1b02-4c25-9c78-09eb5a25d727', '2024-08-12 15:32:12.064000 +00:00', '28edd052-23dc-4b83-8c8a-d305af7f009f', 'fbf40443-a598-49da-aec7-72ce5794fd9f');
INSERT INTO public.key (id, created_at, value, game_id) VALUES ('e2c420a9-6e38-4ea5-98f8-af799ba2cd13', '2024-08-12 15:32:13.270000 +00:00', '73ade058-c4ce-413a-93d0-a94ccf64ccef', 'fbf40443-a598-49da-aec7-72ce5794fd9f');
INSERT INTO public.key (id, created_at, value, game_id) VALUES ('279ab131-675a-41f9-a38e-6d58953c3efb', '2024-08-12 15:32:14.499000 +00:00', 'ac747b25-e522-46a9-a9c1-376f10c78447', 'fbf40443-a598-49da-aec7-72ce5794fd9f');
INSERT INTO public.key (id, created_at, value, game_id) VALUES ('a2187b73-92ed-42bd-b13d-ee977c038b0d', '2024-08-12 15:32:15.559000 +00:00', '3543c0c1-56b7-4f1e-ac98-e6a7af3d487b', 'fbf40443-a598-49da-aec7-72ce5794fd9f');
INSERT INTO public.key (id, created_at, value, game_id) VALUES ('a5452cc9-b7c9-49f0-afea-ef8fb5c6fb66', '2024-08-12 15:32:16.746000 +00:00', 'adc21a1a-59b3-4a27-b8f0-cf59a235bdda', 'fbf40443-a598-49da-aec7-72ce5794fd9f');
INSERT INTO public.key (id, created_at, value, game_id) VALUES ('f9ee166c-ad21-463e-826f-673a92f18c4b', '2024-08-12 15:32:17.820000 +00:00', '7bae2483-5a54-4280-bc95-a06e403e0f72', 'fbf40443-a598-49da-aec7-72ce5794fd9f');
INSERT INTO public.key (id, created_at, value, game_id) VALUES ('175bfe59-2183-4912-8631-87d40df1e702', '2024-08-12 15:32:18.769000 +00:00', '06ff72f0-151d-4290-8c76-26502a87bffb', 'fbf40443-a598-49da-aec7-72ce5794fd9f');
INSERT INTO public.key (id, created_at, value, game_id) VALUES ('522035ee-ac3b-4183-be2d-408009d6121f', '2024-08-12 15:32:53.919000 +00:00', 'ee58cba5-e525-4977-8070-3042ebc42db8', '8d15da27-f57a-49ac-93ee-8f4ded22969e');
INSERT INTO public.key (id, created_at, value, game_id) VALUES ('1edd6266-f45d-4b6b-bb0e-23b8561d445b', '2024-08-12 15:32:55.070000 +00:00', 'c62f8c08-e881-401f-8726-7bffab9feaec', '8d15da27-f57a-49ac-93ee-8f4ded22969e');
INSERT INTO public.key (id, created_at, value, game_id) VALUES ('d9561d39-83e3-41ae-856c-5112760a3526', '2024-08-12 15:32:56.106000 +00:00', 'a0a33401-77f1-4f1d-8d50-6de02d2f7fbf', '8d15da27-f57a-49ac-93ee-8f4ded22969e');
INSERT INTO public.key (id, created_at, value, game_id) VALUES ('92596137-c7fb-4deb-ad5a-1e9660b9768c', '2024-08-12 15:32:57.137000 +00:00', '0284f72b-f642-4f4d-848e-48576b887d5d', '8d15da27-f57a-49ac-93ee-8f4ded22969e');
INSERT INTO public.key (id, created_at, value, game_id) VALUES ('3aacc712-f073-4fce-b040-5b3da7b99579', '2024-08-12 15:32:58.007000 +00:00', '912bdf06-22bc-43db-b2d7-a3b0a1a4ab4a', '8d15da27-f57a-49ac-93ee-8f4ded22969e');
INSERT INTO public.key (id, created_at, value, game_id) VALUES ('7a76b55d-f27b-48f8-84df-5b50911f17cc', '2024-08-12 15:33:07.460000 +00:00', 'b654d300-af40-40fe-a247-9d672ddde529', '72cae166-f8ee-407c-9ec5-29a74f415ee9');
INSERT INTO public.key (id, created_at, value, game_id) VALUES ('6ccfd6b2-635f-4689-84f1-cf12feaee26a', '2024-08-12 15:33:08.427000 +00:00', 'b2fd67db-2e2a-4b3f-9b33-0a23f0295fa7', '72cae166-f8ee-407c-9ec5-29a74f415ee9');
INSERT INTO public.key (id, created_at, value, game_id) VALUES ('13a57010-6180-4547-a7ea-73ffb86077c6', '2024-08-12 15:33:09.600000 +00:00', '57d60f59-be18-4efc-a203-080b39345396', '72cae166-f8ee-407c-9ec5-29a74f415ee9');
INSERT INTO public.key (id, created_at, value, game_id) VALUES ('4e56ff7a-4c5a-4340-a022-ea7b611caddd', '2024-08-12 15:33:10.561000 +00:00', '8b04a92c-a584-4f79-acaf-4dc163232aa0', '72cae166-f8ee-407c-9ec5-29a74f415ee9');
INSERT INTO public.key (id, created_at, value, game_id) VALUES ('26a56ff4-7125-4d61-aa65-815f4617c76e', '2024-08-12 15:33:11.468000 +00:00', '2f154310-0bf6-47ed-bdcf-7e35f249c869', '72cae166-f8ee-407c-9ec5-29a74f415ee9');
INSERT INTO public.key (id, created_at, value, game_id) VALUES ('d8e4df98-362e-4a89-94b1-44332b733c03', '2024-08-12 15:33:12.278000 +00:00', '672623ce-6c4c-41a7-abce-038d39f21f00', '72cae166-f8ee-407c-9ec5-29a74f415ee9');
INSERT INTO public.key (id, created_at, value, game_id) VALUES ('9539451f-d32a-4440-934a-0175103e9e78', '2024-08-12 15:33:13.098000 +00:00', '915f6dbc-371f-4ff1-800e-850e24fc0329', '72cae166-f8ee-407c-9ec5-29a74f415ee9');
INSERT INTO public.key (id, created_at, value, game_id) VALUES ('e0fd11d3-abdb-4f1a-8b69-3a0bca9ba6ca', '2024-08-12 15:33:13.913000 +00:00', '96a195e4-dac1-4078-9225-efa4b53fe1d6', '72cae166-f8ee-407c-9ec5-29a74f415ee9');
INSERT INTO public.key (id, created_at, value, game_id) VALUES ('b797cbf7-99f2-4309-ba17-bbdd590d9a36', '2024-08-12 15:33:14.769000 +00:00', '27a73be3-3bff-43da-aa3c-6ca5b2ab0524', '72cae166-f8ee-407c-9ec5-29a74f415ee9');
INSERT INTO public.key (id, created_at, value, game_id) VALUES ('72deeb6a-e1e5-47fb-9608-cf1a2a90dc48', '2024-08-12 15:33:15.564000 +00:00', '398ab5c5-14d3-4778-a23f-508ba4056178', '72cae166-f8ee-407c-9ec5-29a74f415ee9');
INSERT INTO public.key (id, created_at, value, game_id) VALUES ('6471e4a5-2884-460e-97da-f16d9108758b', '2024-08-12 15:33:29.220000 +00:00', 'beeb6901-2497-40cb-8116-8f1a48f934c8', '70816bfb-d509-41c5-b0b3-8ad3fe2e161c');
INSERT INTO public.key (id, created_at, value, game_id) VALUES ('9138c261-5e85-4dad-a9a6-06b090c073c8', '2024-08-12 15:33:30.071000 +00:00', '06ab20bd-1ccf-45d6-8f95-07a3fbc9e2c1', '70816bfb-d509-41c5-b0b3-8ad3fe2e161c');
INSERT INTO public.key (id, created_at, value, game_id) VALUES ('9399cd37-0a80-4180-87dc-b4159f44858d', '2024-08-12 15:33:30.963000 +00:00', '8602265d-4f0d-40bd-a815-60945398767c', '70816bfb-d509-41c5-b0b3-8ad3fe2e161c');
INSERT INTO public.key (id, created_at, value, game_id) VALUES ('58266317-0df6-4b29-8a08-80921af90c07', '2024-08-12 15:33:31.975000 +00:00', 'daf5d5c3-85ac-45f7-956c-62fe7f5f0b1b', '70816bfb-d509-41c5-b0b3-8ad3fe2e161c');
INSERT INTO public.key (id, created_at, value, game_id) VALUES ('99e37184-b71c-4409-9fb9-df1b0550b305', '2024-08-12 15:33:32.815000 +00:00', '1319cc3d-1eb8-4c1f-9b87-28da22223c10', '70816bfb-d509-41c5-b0b3-8ad3fe2e161c');
INSERT INTO public.key (id, created_at, value, game_id) VALUES ('ae99f10e-9857-4bd7-b5b8-baf61bf8e37d', '2024-08-12 15:33:43.372000 +00:00', '1c16ee4a-f69c-453f-95b6-35612046b206', '2cca34e2-fe03-42de-b223-7f1d25e1e0db');
INSERT INTO public.key (id, created_at, value, game_id) VALUES ('dcee267d-82ba-46d6-b4fd-552443cb4117', '2024-08-12 15:33:44.243000 +00:00', '182e5813-12c6-4d8c-9c51-e81f2eb57ae1', '2cca34e2-fe03-42de-b223-7f1d25e1e0db');
INSERT INTO public.key (id, created_at, value, game_id) VALUES ('bb448ac3-f051-41fd-a959-77dd10fe9ec8', '2024-08-12 15:33:45.301000 +00:00', '741efbd7-3eb5-407d-83db-c75530e959ce', '2cca34e2-fe03-42de-b223-7f1d25e1e0db');
INSERT INTO public.key (id, created_at, value, game_id) VALUES ('10d129f7-4d70-4432-b228-6b155aeda748', '2024-08-12 15:33:46.361000 +00:00', '4a592e88-d30d-41a0-aff2-bbb3de2b2797', '2cca34e2-fe03-42de-b223-7f1d25e1e0db');
INSERT INTO public.key (id, created_at, value, game_id) VALUES ('fe176b4c-4dae-4957-a945-c8efb421b36b', '2024-08-12 15:33:47.376000 +00:00', '0bea2182-ce3f-4583-ad3d-18bbe79c5652', '2cca34e2-fe03-42de-b223-7f1d25e1e0db');
INSERT INTO public.key (id, created_at, value, game_id) VALUES ('9960ec30-db34-4b2c-b315-61d62fc44558', '2024-08-12 15:33:48.404000 +00:00', 'a0cebfd5-9526-44c5-b2eb-58c66f24cd5c', '2cca34e2-fe03-42de-b223-7f1d25e1e0db');
INSERT INTO public.key (id, created_at, value, game_id) VALUES ('d0965c88-fae4-45c6-9dc6-58ab121e0545', '2024-08-12 15:34:04.438000 +00:00', 'f68ba8a1-0f2e-4722-8fbd-d0cdafcce089', '29a7efc5-3270-4178-9b8e-3138414b870a');
INSERT INTO public.key (id, created_at, value, game_id) VALUES ('46057cca-63be-467e-870c-e9afc815860f', '2024-08-12 15:34:05.421000 +00:00', '033325c1-d067-4bc4-abe2-9672b40abe25', '29a7efc5-3270-4178-9b8e-3138414b870a');
INSERT INTO public.key (id, created_at, value, game_id) VALUES ('beaab06d-2677-4a14-bcda-9cd94136535b', '2024-08-12 15:34:07.442000 +00:00', '06a919cf-ccf2-47e0-8d49-73c1dc919c74', '29a7efc5-3270-4178-9b8e-3138414b870a');
INSERT INTO public.key (id, created_at, value, game_id) VALUES ('c8f30b0a-916c-4813-b52a-44e912454864', '2024-08-12 15:34:08.644000 +00:00', 'b24bb52a-6910-444a-818b-e18e1df269d7', '29a7efc5-3270-4178-9b8e-3138414b870a');
INSERT INTO public.key (id, created_at, value, game_id) VALUES ('700915ca-c264-4c61-83f1-d67a7c501ff6', '2024-08-12 15:34:09.669000 +00:00', '8bccad8b-6594-45a5-b068-e4442ead6276', '29a7efc5-3270-4178-9b8e-3138414b870a');
INSERT INTO public.key (id, created_at, value, game_id) VALUES ('35aaabad-8881-4968-ad7e-1465cf5789f2', '2024-08-12 15:34:10.618000 +00:00', '4c761d02-3bd3-4652-80a6-70ee4ebe5daa', '29a7efc5-3270-4178-9b8e-3138414b870a');
INSERT INTO public.key (id, created_at, value, game_id) VALUES ('950881fe-5723-41e1-8daf-8f949fc4bd86', '2024-08-12 15:34:33.097000 +00:00', 'd78d6b89-d650-47a5-ad09-ed7923aac7b9', '0808b42d-4802-4e40-ab3f-196c207d4f38');
INSERT INTO public.key (id, created_at, value, game_id) VALUES ('cf3326f3-70d0-4f00-9740-d04b3969d94e', '2024-08-12 15:34:34.381000 +00:00', 'cbeef373-8938-49ac-a58a-4a7b631e9b3d', '0808b42d-4802-4e40-ab3f-196c207d4f38');
INSERT INTO public.key (id, created_at, value, game_id) VALUES ('4f0defd6-251d-4728-bf61-6e4ade284f0b', '2024-08-12 15:34:35.312000 +00:00', '72835245-789e-400b-92ca-8b99ffdb6f7f', '0808b42d-4802-4e40-ab3f-196c207d4f38');
